-- ============================================================
-- 编号: new-test-business-detail-data.sql
-- 用途: 补充商机详情页面所需假数据（联系人、跟进记录、产品、报价）
-- 依赖: 先执行 new-test-business-data.sql
-- 影响对象: crm_product, crm_contact, crm_contact_business,
--          crm_follow_up_record, crm_business_product,
--          crm_business_quotation, crm_business_quotation_item
-- 数据规模: 6 产品 + 18 联系人 + 40 联系人商机关联 + 96 跟进记录
--          + 48 商机产品关联 + 32 报价单 + 64 报价项
-- ============================================================

SET NAMES utf8mb4;
SET FOREIGN_KEY_CHECKS = 0;

-- ============================================================
-- 1. 新增产品 (id 7-12)
-- ============================================================
INSERT IGNORE INTO crm_product (id, name, no, unit, price, status, category_id, description, owner_user_id, creator, updater, create_time, update_time, deleted, tenant_id) VALUES
  (7, 'ERP核心授权', 'P007', 1, 50000, 1, 2, '企业ERP系统核心模块授权', 1, '1', '1', '2026-05-01 10:00:00', '2026-05-01 10:00:00', 0, 1),
  (8, 'OA协同平台', 'P008', 1, 30000, 1, 2, '办公自动化协同平台', 1, '1', '1', '2026-05-01 10:00:00', '2026-05-01 10:00:00', 0, 1),
  (9, 'MES制造执行', 'P009', 1, 80000, 1, 2, '制造执行管理系统', 1, '1', '1', '2026-05-01 10:00:00', '2026-05-01 10:00:00', 0, 1),
  (10, 'CRM客户管理', 'P010', 1, 40000, 1, 2, '客户关系管理系统', 1, '1', '1', '2026-05-01 10:00:00', '2026-05-01 10:00:00', 0, 1),
  (11, 'WMS仓储管理', 'P011', 1, 60000, 1, 2, '智能仓储管理系统', 1, '1', '1', '2026-05-01 10:00:00', '2026-05-01 10:00:00', 0, 1),
  (12, 'BI数据分析', 'P012', 1, 70000, 1, 2, '商业智能数据分析平台', 1, '1', '1', '2026-05-01 10:00:00', '2026-05-01 10:00:00', 0, 1);

-- ============================================================
-- 2. 新增联系人 (id 18-35, 18 条, 每客户 3 个)
-- ============================================================
INSERT IGNORE INTO crm_contact (id, name, customer_id, mobile, telephone, email, sex, master, post, remark, owner_user_id, creator, updater, create_time, update_time, deleted, tenant_id) VALUES
  (18, '张伟', 12, '13800138001', '13800138001', 'zhangwei@example.com', 1, 1, '总经理', '关键决策人', 1, '1', '1', '2026-05-15 10:00:00', '2026-05-15 10:00:00', 0, 1),
  (19, '李娜', 12, '13800138002', '0571-88880002', 'lina@example.com', 2, 0, '采购总监', '负责采购评估', 1, '1', '1', '2026-05-15 10:00:00', '2026-05-15 10:00:00', 0, 1),
  (20, '王强', 12, '13800138003', '0571-88880003', 'wangqiang@example.com', 1, 0, '技术总监', '技术方案评估', 1, '1', '1', '2026-05-15 10:00:00', '2026-05-15 10:00:00', 0, 1),
  (21, '刘洋', 13, '13800138004', '010-66660001', 'liuyang@example.com', 1, 1, '信息中心主任', '政府机构信息主管', 1, '1', '1', '2026-05-15 10:00:00', '2026-05-15 10:00:00', 0, 1),
  (22, '陈静', 13, '13800138005', '010-66660002', 'chenjing@example.com', 2, 0, '采购科科长', '负责招投标', 1, '1', '1', '2026-05-15 10:00:00', '2026-05-15 10:00:00', 0, 1),
  (23, '赵明', 13, '13800138006', '010-66660003', 'zhaoming@example.com', 1, 0, '技术科科长', '技术对接人', 1, '1', '1', '2026-05-15 10:00:00', '2026-05-15 10:00:00', 0, 1),
  (24, '黄涛', 14, '13800138007', '021-77770001', 'huangtao@example.com', 1, 1, 'CIO', '首席信息官，关键决策人', 1, '1', '1', '2026-05-15 10:00:00', '2026-05-15 10:00:00', 0, 1),
  (25, '林芳', 14, '13800138008', '021-77770002', 'linfang@example.com', 2, 0, '采购经理', '负责合同与采购', 1, '1', '1', '2026-05-15 10:00:00', '2026-05-15 10:00:00', 0, 1),
  (26, '周杰', 14, '13800138009', '021-77770003', 'zhoujie@example.com', 1, 0, 'IT总监', '技术架构评估', 1, '1', '1', '2026-05-15 10:00:00', '2026-05-15 10:00:00', 0, 1),
  (27, '吴静', 15, '13800138010', '0755-99990001', 'wujing@example.com', 2, 1, '总经理', '银行机构总经理', 1, '1', '1', '2026-05-15 10:00:00', '2026-05-15 10:00:00', 0, 1),
  (28, '孙磊', 15, '13800138011', '0755-99990002', 'sunlei@example.com', 1, 0, '运营总监', '业务运营负责人', 1, '1', '1', '2026-05-15 10:00:00', '2026-05-15 10:00:00', 0, 1),
  (29, '朱敏', 15, '13800138012', '0755-99990003', 'zhumin@example.com', 2, 0, '财务总监', '预算审批', 1, '1', '1', '2026-05-15 10:00:00', '2026-05-15 10:00:00', 0, 1),
  (30, '胡军', 16, '13800138013', '020-55550001', 'hujun@example.com', 1, 1, 'CEO', '电商企业CEO', 1, '1', '1', '2026-05-15 10:00:00', '2026-05-15 10:00:00', 0, 1),
  (31, '郭丽', 16, '13800138014', '020-55550002', 'guoli@example.com', 2, 0, '供应链总监', '供应链优化负责', 1, '1', '1', '2026-05-15 10:00:00', '2026-05-15 10:00:00', 0, 1),
  (32, '何明', 16, '13800138015', '020-55550003', 'heming@example.com', 1, 0, '技术总监', '技术方案评估', 1, '1', '1', '2026-05-15 10:00:00', '2026-05-15 10:00:00', 0, 1),
  (33, '高峰', 17, '13800138016', '024-33330001', 'gaofeng@example.com', 1, 1, '总经理', '能源企业总经理', 1, '1', '1', '2026-05-15 10:00:00', '2026-05-15 10:00:00', 0, 1),
  (34, '罗琳', 17, '13800138017', '024-33330002', 'luolin@example.com', 2, 0, 'IT经理', '信息化负责人', 1, '1', '1', '2026-05-15 10:00:00', '2026-05-15 10:00:00', 0, 1),
  (35, '梁宇', 17, '13800138018', '024-33330003', 'liangyu@example.com', 1, 0, '运营经理', '业务运营对接', 1, '1', '1', '2026-05-15 10:00:00', '2026-05-15 10:00:00', 0, 1);

-- ============================================================
-- 3. 联系人-商机关联 (每条商机关联 1-2 个联系人)
-- ============================================================
INSERT IGNORE INTO crm_contact_business (id, contact_id, business_id, creator, updater, create_time, update_time, deleted, tenant_id) VALUES
  (39, 24, 29, '1', '1', '2026-06-01 10:00:00', '2026-06-01 10:00:00', 0, 1),
  (40, 27, 30, '1', '1', '2026-06-01 10:00:00', '2026-06-01 10:00:00', 0, 1),
  (41, 28, 30, '1', '1', '2026-06-01 10:00:00', '2026-06-01 10:00:00', 0, 1),
  (42, 30, 31, '1', '1', '2026-06-01 10:00:00', '2026-06-01 10:00:00', 0, 1),
  (43, 21, 32, '1', '1', '2026-06-01 10:00:00', '2026-06-01 10:00:00', 0, 1),
  (44, 22, 32, '1', '1', '2026-06-01 10:00:00', '2026-06-01 10:00:00', 0, 1),
  (45, 24, 33, '1', '1', '2026-06-01 10:00:00', '2026-06-01 10:00:00', 0, 1),
  (46, 33, 34, '1', '1', '2026-06-01 10:00:00', '2026-06-01 10:00:00', 0, 1),
  (47, 34, 34, '1', '1', '2026-06-01 10:00:00', '2026-06-01 10:00:00', 0, 1),
  (48, 18, 35, '1', '1', '2026-06-01 10:00:00', '2026-06-01 10:00:00', 0, 1),
  (49, 27, 36, '1', '1', '2026-06-01 10:00:00', '2026-06-01 10:00:00', 0, 1),
  (50, 28, 36, '1', '1', '2026-06-01 10:00:00', '2026-06-01 10:00:00', 0, 1),
  (51, 24, 37, '1', '1', '2026-06-01 10:00:00', '2026-06-01 10:00:00', 0, 1),
  (52, 30, 38, '1', '1', '2026-06-01 10:00:00', '2026-06-01 10:00:00', 0, 1),
  (53, 31, 38, '1', '1', '2026-06-01 10:00:00', '2026-06-01 10:00:00', 0, 1),
  (54, 33, 39, '1', '1', '2026-06-01 10:00:00', '2026-06-01 10:00:00', 0, 1),
  (55, 21, 40, '1', '1', '2026-06-01 10:00:00', '2026-06-01 10:00:00', 0, 1),
  (56, 22, 40, '1', '1', '2026-06-01 10:00:00', '2026-06-01 10:00:00', 0, 1),
  (57, 24, 41, '1', '1', '2026-06-01 10:00:00', '2026-06-01 10:00:00', 0, 1),
  (58, 27, 42, '1', '1', '2026-06-01 10:00:00', '2026-06-01 10:00:00', 0, 1),
  (59, 28, 42, '1', '1', '2026-06-01 10:00:00', '2026-06-01 10:00:00', 0, 1),
  (60, 30, 43, '1', '1', '2026-06-01 10:00:00', '2026-06-01 10:00:00', 0, 1),
  (61, 33, 44, '1', '1', '2026-06-01 10:00:00', '2026-06-01 10:00:00', 0, 1),
  (62, 34, 44, '1', '1', '2026-06-01 10:00:00', '2026-06-01 10:00:00', 0, 1),
  (63, 24, 45, '1', '1', '2026-06-01 10:00:00', '2026-06-01 10:00:00', 0, 1),
  (64, 27, 46, '1', '1', '2026-06-01 10:00:00', '2026-06-01 10:00:00', 0, 1),
  (65, 28, 46, '1', '1', '2026-06-01 10:00:00', '2026-06-01 10:00:00', 0, 1),
  (66, 30, 47, '1', '1', '2026-06-01 10:00:00', '2026-06-01 10:00:00', 0, 1),
  (67, 33, 48, '1', '1', '2026-06-01 10:00:00', '2026-06-01 10:00:00', 0, 1),
  (68, 34, 48, '1', '1', '2026-06-01 10:00:00', '2026-06-01 10:00:00', 0, 1),
  (69, 24, 49, '1', '1', '2026-06-01 10:00:00', '2026-06-01 10:00:00', 0, 1),
  (70, 27, 50, '1', '1', '2026-06-01 10:00:00', '2026-06-01 10:00:00', 0, 1),
  (71, 28, 50, '1', '1', '2026-06-01 10:00:00', '2026-06-01 10:00:00', 0, 1),
  (72, 30, 51, '1', '1', '2026-06-01 10:00:00', '2026-06-01 10:00:00', 0, 1),
  (73, 33, 52, '1', '1', '2026-06-01 10:00:00', '2026-06-01 10:00:00', 0, 1),
  (74, 34, 52, '1', '1', '2026-06-01 10:00:00', '2026-06-01 10:00:00', 0, 1),
  (75, 21, 53, '1', '1', '2026-06-01 10:00:00', '2026-06-01 10:00:00', 0, 1),
  (76, 18, 54, '1', '1', '2026-06-01 10:00:00', '2026-06-01 10:00:00', 0, 1),
  (77, 19, 54, '1', '1', '2026-06-01 10:00:00', '2026-06-01 10:00:00', 0, 1),
  (78, 24, 55, '1', '1', '2026-06-01 10:00:00', '2026-06-01 10:00:00', 0, 1),
  (79, 27, 56, '1', '1', '2026-06-01 10:00:00', '2026-06-01 10:00:00', 0, 1),
  (80, 28, 56, '1', '1', '2026-06-01 10:00:00', '2026-06-01 10:00:00', 0, 1),
  (81, 24, 57, '1', '1', '2026-06-01 10:00:00', '2026-06-01 10:00:00', 0, 1),
  (82, 27, 58, '1', '1', '2026-06-01 10:00:00', '2026-06-01 10:00:00', 0, 1),
  (83, 28, 58, '1', '1', '2026-06-01 10:00:00', '2026-06-01 10:00:00', 0, 1),
  (84, 30, 59, '1', '1', '2026-06-01 10:00:00', '2026-06-01 10:00:00', 0, 1),
  (85, 33, 60, '1', '1', '2026-06-01 10:00:00', '2026-06-01 10:00:00', 0, 1),
  (86, 34, 60, '1', '1', '2026-06-01 10:00:00', '2026-06-01 10:00:00', 0, 1),
  (87, 24, 61, '1', '1', '2026-06-01 10:00:00', '2026-06-01 10:00:00', 0, 1),
  (88, 27, 62, '1', '1', '2026-06-01 10:00:00', '2026-06-01 10:00:00', 0, 1),
  (89, 28, 62, '1', '1', '2026-06-01 10:00:00', '2026-06-01 10:00:00', 0, 1),
  (90, 30, 63, '1', '1', '2026-06-01 10:00:00', '2026-06-01 10:00:00', 0, 1),
  (91, 33, 64, '1', '1', '2026-06-01 10:00:00', '2026-06-01 10:00:00', 0, 1),
  (92, 34, 64, '1', '1', '2026-06-01 10:00:00', '2026-06-01 10:00:00', 0, 1),
  (93, 21, 65, '1', '1', '2026-06-01 10:00:00', '2026-06-01 10:00:00', 0, 1),
  (94, 18, 66, '1', '1', '2026-06-01 10:00:00', '2026-06-01 10:00:00', 0, 1),
  (95, 19, 66, '1', '1', '2026-06-01 10:00:00', '2026-06-01 10:00:00', 0, 1),
  (96, 24, 67, '1', '1', '2026-06-01 10:00:00', '2026-06-01 10:00:00', 0, 1),
  (97, 27, 68, '1', '1', '2026-06-01 10:00:00', '2026-06-01 10:00:00', 0, 1),
  (98, 28, 68, '1', '1', '2026-06-01 10:00:00', '2026-06-01 10:00:00', 0, 1);

-- ============================================================
-- 4. 跟进记录 (每条商机 2-3 条, 共约 96 条)
-- bizType=4 (商机), type: 1=电话 2=邮件 3=上门拜访 4=微信沟通
-- ============================================================
INSERT IGNORE INTO crm_follow_up_record (id, biz_type, biz_id, type, content, next_time, business_ids, contact_ids, creator, updater, create_time, update_time, deleted, tenant_id) VALUES
  (38, 4, 29, 1, '电话沟通项目需求，客户表示预算已审批，对方案表示认可', '2026-06-25 00:00:00', '29', '24', '1', '1', '2026-06-18 00:00:00', '2026-06-18 00:00:00', 0, 1),
  (39, 4, 29, 3, '上门拜访客户决策人，详细介绍了产品功能，客户兴趣浓厚', '2026-06-28 00:00:00', '29', '24', '1', '1', '2026-06-21 00:00:00', '2026-06-21 00:00:00', 0, 1),
  (40, 4, 30, 1, '电话沟通项目需求，客户表示预算已审批，对方案表示认可', '2026-06-25 00:00:00', '30', '27', '1', '1', '2026-06-18 00:00:00', '2026-06-18 00:00:00', 0, 1),
  (41, 4, 30, 3, '上门拜访客户决策人，详细介绍了产品功能，客户兴趣浓厚', '2026-06-28 00:00:00', '30', '27', '1', '1', '2026-06-21 00:00:00', '2026-06-21 00:00:00', 0, 1),
  (42, 4, 31, 1, '电话沟通项目需求，客户表示预算已审批，对方案表示认可', '2026-06-25 00:00:00', '31', '30', '1', '1', '2026-06-18 00:00:00', '2026-06-18 00:00:00', 0, 1),
  (43, 4, 31, 3, '上门拜访客户决策人，详细介绍了产品功能，客户兴趣浓厚', '2026-06-28 00:00:00', '31', '30', '1', '1', '2026-06-21 00:00:00', '2026-06-21 00:00:00', 0, 1),
  (44, 4, 32, 1, '电话沟通项目需求，客户表示预算已审批，对方案表示认可', '2026-06-25 00:00:00', '32', '21', '1', '1', '2026-06-18 00:00:00', '2026-06-18 00:00:00', 0, 1),
  (45, 4, 32, 3, '上门拜访客户决策人，详细介绍了产品功能，客户兴趣浓厚', '2026-06-28 00:00:00', '32', '21', '1', '1', '2026-06-21 00:00:00', '2026-06-21 00:00:00', 0, 1),
  (46, 4, 33, 2, '发送详细方案和报价单至客户邮箱，等待客户反馈', '2026-07-05 00:00:00', '33', '24', '1', '1', '2026-06-28 00:00:00', '2026-06-28 00:00:00', 0, 1),
  (47, 4, 33, 4, '微信沟通项目时间节点，客户希望尽快推进', '2026-07-08 00:00:00', '33', '24', '1', '1', '2026-07-01 00:00:00', '2026-07-01 00:00:00', 0, 1),
  (48, 4, 34, 2, '发送详细方案和报价单至客户邮箱，等待客户反馈', '2026-07-05 00:00:00', '34', '33', '1', '1', '2026-06-28 00:00:00', '2026-06-28 00:00:00', 0, 1),
  (49, 4, 34, 4, '微信沟通项目时间节点，客户希望尽快推进', '2026-07-08 00:00:00', '34', '33', '1', '1', '2026-07-01 00:00:00', '2026-07-01 00:00:00', 0, 1),
  (50, 4, 35, 2, '发送详细方案和报价单至客户邮箱，等待客户反馈', '2026-07-05 00:00:00', '35', '18', '1', '1', '2026-06-28 00:00:00', '2026-06-28 00:00:00', 0, 1),
  (51, 4, 35, 4, '微信沟通项目时间节点，客户希望尽快推进', '2026-07-08 00:00:00', '35', '18', '1', '1', '2026-07-01 00:00:00', '2026-07-01 00:00:00', 0, 1),
  (52, 4, 36, 2, '发送详细方案和报价单至客户邮箱，等待客户反馈', '2026-07-05 00:00:00', '36', '27', '1', '1', '2026-06-28 00:00:00', '2026-06-28 00:00:00', 0, 1),
  (53, 4, 36, 4, '微信沟通项目时间节点，客户希望尽快推进', '2026-07-08 00:00:00', '36', '27', '1', '1', '2026-07-01 00:00:00', '2026-07-01 00:00:00', 0, 1),
  (54, 4, 37, 1, '电话跟进报价反馈，客户对价格有异议，正在协商折扣', '2026-07-15 00:00:00', '37', '24', '1', '1', '2026-07-08 00:00:00', '2026-07-08 00:00:00', 0, 1),
  (55, 4, 37, 3, '上门演示产品Demo，客户技术团队对功能表示满意', '2026-07-16 00:00:00', '37', '24', '1', '1', '2026-07-09 00:00:00', '2026-07-09 00:00:00', 0, 1),
  (56, 4, 38, 1, '电话跟进报价反馈，客户对价格有异议，正在协商折扣', '2026-07-15 00:00:00', '38', '30', '1', '1', '2026-07-08 00:00:00', '2026-07-08 00:00:00', 0, 1),
  (57, 4, 38, 3, '上门演示产品Demo，客户技术团队对功能表示满意', '2026-07-16 00:00:00', '38', '30', '1', '1', '2026-07-09 00:00:00', '2026-07-09 00:00:00', 0, 1),
  (58, 4, 39, 1, '电话跟进报价反馈，客户对价格有异议，正在协商折扣', '2026-07-15 00:00:00', '39', '33', '1', '1', '2026-07-08 00:00:00', '2026-07-08 00:00:00', 0, 1),
  (59, 4, 39, 3, '上门演示产品Demo，客户技术团队对功能表示满意', '2026-07-16 00:00:00', '39', '33', '1', '1', '2026-07-09 00:00:00', '2026-07-09 00:00:00', 0, 1),
  (60, 4, 40, 1, '电话跟进报价反馈，客户对价格有异议，正在协商折扣', '2026-07-15 00:00:00', '40', '21', '1', '1', '2026-07-08 00:00:00', '2026-07-08 00:00:00', 0, 1),
  (61, 4, 40, 3, '上门演示产品Demo，客户技术团队对功能表示满意', '2026-07-16 00:00:00', '40', '21', '1', '1', '2026-07-09 00:00:00', '2026-07-09 00:00:00', 0, 1),
  (62, 4, 41, 2, '邮件发送修订版报价单，包含折扣方案', '2026-07-20 00:00:00', '41', '24', '1', '1', '2026-07-13 00:00:00', '2026-07-13 00:00:00', 0, 1),
  (63, 4, 41, 4, '微信确认合同条款，客户已提交内部审批', '2026-07-20 00:00:00', '41', '24', '1', '1', '2026-07-13 00:00:00', '2026-07-13 00:00:00', 0, 1),
  (64, 4, 41, 1, '电话确认合同已签署，项目正式启动', '2026-07-19 00:00:00', '41', '24', '1', '1', '2026-07-12 00:00:00', '2026-07-12 00:00:00', 0, 1),
  (65, 4, 42, 2, '邮件发送修订版报价单，包含折扣方案', '2026-07-20 00:00:00', '42', '27', '1', '1', '2026-07-13 00:00:00', '2026-07-13 00:00:00', 0, 1),
  (66, 4, 42, 4, '微信确认合同条款，客户已提交内部审批', '2026-07-20 00:00:00', '42', '27', '1', '1', '2026-07-13 00:00:00', '2026-07-13 00:00:00', 0, 1),
  (67, 4, 42, 1, '电话确认合同已签署，项目正式启动', '2026-07-19 00:00:00', '42', '27', '1', '1', '2026-07-12 00:00:00', '2026-07-12 00:00:00', 0, 1),
  (68, 4, 43, 2, '邮件发送修订版报价单，包含折扣方案', '2026-07-20 00:00:00', '43', '30', '1', '1', '2026-07-13 00:00:00', '2026-07-13 00:00:00', 0, 1),
  (69, 4, 43, 4, '微信确认合同条款，客户已提交内部审批', '2026-07-20 00:00:00', '43', '30', '1', '1', '2026-07-13 00:00:00', '2026-07-13 00:00:00', 0, 1),
  (70, 4, 43, 1, '电话确认合同已签署，项目正式启动', '2026-07-19 00:00:00', '43', '30', '1', '1', '2026-07-12 00:00:00', '2026-07-12 00:00:00', 0, 1),
  (71, 4, 44, 2, '邮件发送修订版报价单，包含折扣方案', '2026-07-20 00:00:00', '44', '33', '1', '1', '2026-07-13 00:00:00', '2026-07-13 00:00:00', 0, 1),
  (72, 4, 44, 4, '微信确认合同条款，客户已提交内部审批', '2026-07-20 00:00:00', '44', '33', '1', '1', '2026-07-13 00:00:00', '2026-07-13 00:00:00', 0, 1),
  (73, 4, 44, 1, '电话确认合同已签署，项目正式启动', '2026-07-19 00:00:00', '44', '33', '1', '1', '2026-07-12 00:00:00', '2026-07-12 00:00:00', 0, 1),
  (74, 4, 45, 1, '电话确认合同已签署，项目正式启动', '2026-07-23 00:00:00', '45', '24', '1', '1', '2026-07-16 00:00:00', '2026-07-16 00:00:00', 0, 1),
  (75, 4, 45, 3, '上门进行项目启动会，明确了实施计划和里程碑', '2026-07-22 00:00:00', '45', '24', '1', '1', '2026-07-15 00:00:00', '2026-07-15 00:00:00', 0, 1),
  (76, 4, 45, 1, '电话沟通失败原因，客户表示价格超出预算', '2026-07-16 00:00:00', '45', '24', '1', '1', '2026-07-09 00:00:00', '2026-07-09 00:00:00', 0, 1),
  (77, 4, 46, 1, '电话确认合同已签署，项目正式启动', '2026-07-23 00:00:00', '46', '27', '1', '1', '2026-07-16 00:00:00', '2026-07-16 00:00:00', 0, 1),
  (78, 4, 46, 3, '上门进行项目启动会，明确了实施计划和里程碑', '2026-07-22 00:00:00', '46', '27', '1', '1', '2026-07-15 00:00:00', '2026-07-15 00:00:00', 0, 1),
  (79, 4, 46, 1, '电话沟通失败原因，客户表示价格超出预算', '2026-07-16 00:00:00', '46', '27', '1', '1', '2026-07-09 00:00:00', '2026-07-09 00:00:00', 0, 1),
  (80, 4, 47, 1, '电话确认合同已签署，项目正式启动', '2026-07-23 00:00:00', '47', '30', '1', '1', '2026-07-16 00:00:00', '2026-07-16 00:00:00', 0, 1),
  (81, 4, 47, 3, '上门进行项目启动会，明确了实施计划和里程碑', '2026-07-22 00:00:00', '47', '30', '1', '1', '2026-07-15 00:00:00', '2026-07-15 00:00:00', 0, 1),
  (82, 4, 47, 1, '电话沟通失败原因，客户表示价格超出预算', '2026-07-16 00:00:00', '47', '30', '1', '1', '2026-07-09 00:00:00', '2026-07-09 00:00:00', 0, 1),
  (83, 4, 48, 1, '电话确认合同已签署，项目正式启动', '2026-07-23 00:00:00', '48', '33', '1', '1', '2026-07-16 00:00:00', '2026-07-16 00:00:00', 0, 1),
  (84, 4, 48, 3, '上门进行项目启动会，明确了实施计划和里程碑', '2026-07-22 00:00:00', '48', '33', '1', '1', '2026-07-15 00:00:00', '2026-07-15 00:00:00', 0, 1),
  (85, 4, 48, 1, '电话沟通失败原因，客户表示价格超出预算', '2026-07-16 00:00:00', '48', '33', '1', '1', '2026-07-09 00:00:00', '2026-07-09 00:00:00', 0, 1),
  (86, 4, 49, 2, '邮件发送修订版报价单，包含折扣方案', NULL, '49', '24', '1', '1', '2026-07-13 00:00:00', '2026-07-13 00:00:00', 0, 1),
  (87, 4, 49, 4, '微信确认合同条款，客户已提交内部审批', NULL, '49', '24', '1', '1', '2026-07-13 00:00:00', '2026-07-13 00:00:00', 0, 1),
  (88, 4, 49, 1, '电话确认合同已签署，项目正式启动', NULL, '49', '24', '1', '1', '2026-07-12 00:00:00', '2026-07-12 00:00:00', 0, 1),
  (89, 4, 50, 2, '邮件发送修订版报价单，包含折扣方案', NULL, '50', '27', '1', '1', '2026-07-13 00:00:00', '2026-07-13 00:00:00', 0, 1),
  (90, 4, 50, 4, '微信确认合同条款，客户已提交内部审批', NULL, '50', '27', '1', '1', '2026-07-13 00:00:00', '2026-07-13 00:00:00', 0, 1),
  (91, 4, 50, 1, '电话确认合同已签署，项目正式启动', NULL, '50', '27', '1', '1', '2026-07-12 00:00:00', '2026-07-12 00:00:00', 0, 1),
  (92, 4, 51, 2, '邮件发送修订版报价单，包含折扣方案', NULL, '51', '30', '1', '1', '2026-07-13 00:00:00', '2026-07-13 00:00:00', 0, 1),
  (93, 4, 51, 4, '微信确认合同条款，客户已提交内部审批', NULL, '51', '30', '1', '1', '2026-07-13 00:00:00', '2026-07-13 00:00:00', 0, 1),
  (94, 4, 51, 1, '电话确认合同已签署，项目正式启动', NULL, '51', '30', '1', '1', '2026-07-12 00:00:00', '2026-07-12 00:00:00', 0, 1),
  (95, 4, 52, 2, '邮件发送修订版报价单，包含折扣方案', NULL, '52', '33', '1', '1', '2026-07-13 00:00:00', '2026-07-13 00:00:00', 0, 1),
  (96, 4, 52, 4, '微信确认合同条款，客户已提交内部审批', NULL, '52', '33', '1', '1', '2026-07-13 00:00:00', '2026-07-13 00:00:00', 0, 1),
  (97, 4, 52, 1, '电话确认合同已签署，项目正式启动', NULL, '52', '33', '1', '1', '2026-07-12 00:00:00', '2026-07-12 00:00:00', 0, 1),
  (98, 4, 53, 2, '邮件发送修订版报价单，包含折扣方案', NULL, '53', '21', '1', '1', '2026-07-13 00:00:00', '2026-07-13 00:00:00', 0, 1),
  (99, 4, 53, 4, '微信确认合同条款，客户已提交内部审批', NULL, '53', '21', '1', '1', '2026-07-13 00:00:00', '2026-07-13 00:00:00', 0, 1),
  (100, 4, 53, 1, '电话确认合同已签署，项目正式启动', NULL, '53', '21', '1', '1', '2026-07-12 00:00:00', '2026-07-12 00:00:00', 0, 1),
  (101, 4, 54, 2, '邮件发送修订版报价单，包含折扣方案', NULL, '54', '18', '1', '1', '2026-07-13 00:00:00', '2026-07-13 00:00:00', 0, 1),
  (102, 4, 54, 4, '微信确认合同条款，客户已提交内部审批', NULL, '54', '18', '1', '1', '2026-07-13 00:00:00', '2026-07-13 00:00:00', 0, 1),
  (103, 4, 54, 1, '电话确认合同已签署，项目正式启动', NULL, '54', '18', '1', '1', '2026-07-12 00:00:00', '2026-07-12 00:00:00', 0, 1),
  (104, 4, 55, 2, '邮件发送修订版报价单，包含折扣方案', NULL, '55', '24', '1', '1', '2026-07-13 00:00:00', '2026-07-13 00:00:00', 0, 1),
  (105, 4, 55, 4, '微信确认合同条款，客户已提交内部审批', NULL, '55', '24', '1', '1', '2026-07-13 00:00:00', '2026-07-13 00:00:00', 0, 1),
  (106, 4, 55, 1, '电话确认合同已签署，项目正式启动', NULL, '55', '24', '1', '1', '2026-07-12 00:00:00', '2026-07-12 00:00:00', 0, 1),
  (107, 4, 56, 2, '邮件发送修订版报价单，包含折扣方案', NULL, '56', '27', '1', '1', '2026-07-13 00:00:00', '2026-07-13 00:00:00', 0, 1),
  (108, 4, 56, 4, '微信确认合同条款，客户已提交内部审批', NULL, '56', '27', '1', '1', '2026-07-13 00:00:00', '2026-07-13 00:00:00', 0, 1),
  (109, 4, 56, 1, '电话确认合同已签署，项目正式启动', NULL, '56', '27', '1', '1', '2026-07-12 00:00:00', '2026-07-12 00:00:00', 0, 1),
  (110, 4, 57, 2, '邮件发送修订版报价单，包含折扣方案', NULL, '57', '24', '1', '1', '2026-07-13 00:00:00', '2026-07-13 00:00:00', 0, 1),
  (111, 4, 57, 4, '微信确认合同条款，客户已提交内部审批', NULL, '57', '24', '1', '1', '2026-07-13 00:00:00', '2026-07-13 00:00:00', 0, 1),
  (112, 4, 57, 1, '电话确认合同已签署，项目正式启动', NULL, '57', '24', '1', '1', '2026-07-12 00:00:00', '2026-07-12 00:00:00', 0, 1),
  (113, 4, 58, 2, '邮件发送修订版报价单，包含折扣方案', NULL, '58', '27', '1', '1', '2026-07-13 00:00:00', '2026-07-13 00:00:00', 0, 1),
  (114, 4, 58, 4, '微信确认合同条款，客户已提交内部审批', NULL, '58', '27', '1', '1', '2026-07-13 00:00:00', '2026-07-13 00:00:00', 0, 1),
  (115, 4, 58, 1, '电话确认合同已签署，项目正式启动', NULL, '58', '27', '1', '1', '2026-07-12 00:00:00', '2026-07-12 00:00:00', 0, 1),
  (116, 4, 59, 2, '邮件发送修订版报价单，包含折扣方案', NULL, '59', '30', '1', '1', '2026-07-13 00:00:00', '2026-07-13 00:00:00', 0, 1),
  (117, 4, 59, 4, '微信确认合同条款，客户已提交内部审批', NULL, '59', '30', '1', '1', '2026-07-13 00:00:00', '2026-07-13 00:00:00', 0, 1),
  (118, 4, 59, 1, '电话确认合同已签署，项目正式启动', NULL, '59', '30', '1', '1', '2026-07-12 00:00:00', '2026-07-12 00:00:00', 0, 1),
  (119, 4, 60, 2, '邮件发送修订版报价单，包含折扣方案', NULL, '60', '33', '1', '1', '2026-07-13 00:00:00', '2026-07-13 00:00:00', 0, 1),
  (120, 4, 60, 4, '微信确认合同条款，客户已提交内部审批', NULL, '60', '33', '1', '1', '2026-07-13 00:00:00', '2026-07-13 00:00:00', 0, 1),
  (121, 4, 60, 1, '电话确认合同已签署，项目正式启动', NULL, '60', '33', '1', '1', '2026-07-12 00:00:00', '2026-07-12 00:00:00', 0, 1),
  (122, 4, 61, 1, '电话沟通失败原因，客户表示价格超出预算', NULL, '61', '24', '1', '1', '2026-07-13 00:00:00', '2026-07-13 00:00:00', 0, 1),
  (123, 4, 61, 2, '邮件发送最终方案，但客户已选择其他供应商', NULL, '61', '24', '1', '1', '2026-07-13 00:00:00', '2026-07-13 00:00:00', 0, 1),
  (124, 4, 62, 1, '电话沟通失败原因，客户表示价格超出预算', NULL, '62', '27', '1', '1', '2026-07-13 00:00:00', '2026-07-13 00:00:00', 0, 1),
  (125, 4, 62, 2, '邮件发送最终方案，但客户已选择其他供应商', NULL, '62', '27', '1', '1', '2026-07-13 00:00:00', '2026-07-13 00:00:00', 0, 1),
  (126, 4, 63, 1, '电话沟通失败原因，客户表示价格超出预算', NULL, '63', '30', '1', '1', '2026-07-13 00:00:00', '2026-07-13 00:00:00', 0, 1),
  (127, 4, 63, 2, '邮件发送最终方案，但客户已选择其他供应商', NULL, '63', '30', '1', '1', '2026-07-13 00:00:00', '2026-07-13 00:00:00', 0, 1),
  (128, 4, 64, 1, '电话沟通失败原因，客户表示价格超出预算', NULL, '64', '33', '1', '1', '2026-07-13 00:00:00', '2026-07-13 00:00:00', 0, 1),
  (129, 4, 64, 2, '邮件发送最终方案，但客户已选择其他供应商', NULL, '64', '33', '1', '1', '2026-07-13 00:00:00', '2026-07-13 00:00:00', 0, 1),
  (130, 4, 65, 1, '电话沟通失败原因，客户表示价格超出预算', NULL, '65', '21', '1', '1', '2026-07-13 00:00:00', '2026-07-13 00:00:00', 0, 1),
  (131, 4, 65, 2, '邮件发送最终方案，但客户已选择其他供应商', NULL, '65', '21', '1', '1', '2026-07-13 00:00:00', '2026-07-13 00:00:00', 0, 1),
  (132, 4, 66, 1, '电话沟通失败原因，客户表示价格超出预算', NULL, '66', '18', '1', '1', '2026-07-13 00:00:00', '2026-07-13 00:00:00', 0, 1),
  (133, 4, 66, 2, '邮件发送最终方案，但客户已选择其他供应商', NULL, '66', '18', '1', '1', '2026-07-13 00:00:00', '2026-07-13 00:00:00', 0, 1),
  (134, 4, 67, 1, '电话沟通失败原因，客户表示价格超出预算', NULL, '67', '24', '1', '1', '2026-07-13 00:00:00', '2026-07-13 00:00:00', 0, 1),
  (135, 4, 67, 2, '邮件发送最终方案，但客户已选择其他供应商', NULL, '67', '24', '1', '1', '2026-07-13 00:00:00', '2026-07-13 00:00:00', 0, 1),
  (136, 4, 68, 1, '电话沟通失败原因，客户表示价格超出预算', NULL, '68', '27', '1', '1', '2026-07-13 00:00:00', '2026-07-13 00:00:00', 0, 1),
  (137, 4, 68, 2, '邮件发送最终方案，但客户已选择其他供应商', NULL, '68', '27', '1', '1', '2026-07-13 00:00:00', '2026-07-13 00:00:00', 0, 1);

-- ============================================================
-- 5. 商机产品关联 (为缺少产品的商机补充产品)
-- ============================================================
INSERT IGNORE INTO crm_business_product (id, business_id, product_id, product_price, business_price, count, total_price, creator, updater, create_time, update_time, deleted, tenant_id) VALUES
  (62, 29, 7, 50000, 80000, 1, 80000, '1', '1', '2026-06-01 10:00:00', '2026-06-01 10:00:00', 0, 1),
  (63, 30, 8, 50000, 75000, 1, 75000, '1', '1', '2026-06-01 10:00:00', '2026-06-01 10:00:00', 0, 1),
  (64, 30, 9, 50000, 75000, 1, 75000, '1', '1', '2026-06-01 10:00:00', '2026-06-01 10:00:00', 0, 1),
  (65, 31, 9, 50000, 60000, 1, 60000, '1', '1', '2026-06-01 10:00:00', '2026-06-01 10:00:00', 0, 1),
  (66, 32, 10, 50000, 250000, 1, 250000, '1', '1', '2026-06-01 10:00:00', '2026-06-01 10:00:00', 0, 1),
  (67, 33, 11, 50000, 60000, 1, 60000, '1', '1', '2026-06-01 10:00:00', '2026-06-01 10:00:00', 0, 1),
  (68, 33, 12, 50000, 60000, 1, 60000, '1', '1', '2026-06-01 10:00:00', '2026-06-01 10:00:00', 0, 1),
  (69, 34, 12, 50000, 200000, 1, 200000, '1', '1', '2026-06-01 10:00:00', '2026-06-01 10:00:00', 0, 1),
  (70, 35, 7, 50000, 45000, 1, 45000, '1', '1', '2026-06-01 10:00:00', '2026-06-01 10:00:00', 0, 1),
  (71, 36, 8, 50000, 90000, 1, 90000, '1', '1', '2026-06-01 10:00:00', '2026-06-01 10:00:00', 0, 1),
  (72, 36, 9, 50000, 90000, 1, 90000, '1', '1', '2026-06-01 10:00:00', '2026-06-01 10:00:00', 0, 1),
  (73, 37, 9, 50000, 95000, 1, 95000, '1', '1', '2026-06-01 10:00:00', '2026-06-01 10:00:00', 0, 1),
  (74, 38, 10, 50000, 70000, 1, 70000, '1', '1', '2026-06-01 10:00:00', '2026-06-01 10:00:00', 0, 1),
  (75, 39, 11, 50000, 17500, 1, 17500, '1', '1', '2026-06-01 10:00:00', '2026-06-01 10:00:00', 0, 1),
  (76, 39, 12, 50000, 17500, 1, 17500, '1', '1', '2026-06-01 10:00:00', '2026-06-01 10:00:00', 0, 1),
  (77, 40, 12, 50000, 280000, 1, 280000, '1', '1', '2026-06-01 10:00:00', '2026-06-01 10:00:00', 0, 1),
  (78, 41, 7, 50000, 165000, 1, 165000, '1', '1', '2026-06-01 10:00:00', '2026-06-01 10:00:00', 0, 1),
  (79, 42, 8, 50000, 160000, 1, 160000, '1', '1', '2026-06-01 10:00:00', '2026-06-01 10:00:00', 0, 1),
  (80, 42, 9, 50000, 160000, 1, 160000, '1', '1', '2026-06-01 10:00:00', '2026-06-01 10:00:00', 0, 1),
  (81, 43, 9, 50000, 55000, 1, 55000, '1', '1', '2026-06-01 10:00:00', '2026-06-01 10:00:00', 0, 1),
  (82, 44, 10, 50000, 420000, 1, 420000, '1', '1', '2026-06-01 10:00:00', '2026-06-01 10:00:00', 0, 1),
  (83, 52, 12, 50000, 45000, 1, 45000, '1', '1', '2026-06-01 10:00:00', '2026-06-01 10:00:00', 0, 1),
  (84, 57, 11, 50000, 90000, 1, 90000, '1', '1', '2026-06-01 10:00:00', '2026-06-01 10:00:00', 0, 1),
  (85, 57, 12, 50000, 90000, 1, 90000, '1', '1', '2026-06-01 10:00:00', '2026-06-01 10:00:00', 0, 1),
  (86, 58, 12, 50000, 95000, 1, 95000, '1', '1', '2026-06-01 10:00:00', '2026-06-01 10:00:00', 0, 1),
  (87, 59, 7, 50000, 220000, 1, 220000, '1', '1', '2026-06-01 10:00:00', '2026-06-01 10:00:00', 0, 1),
  (88, 60, 8, 50000, 39000, 1, 39000, '1', '1', '2026-06-01 10:00:00', '2026-06-01 10:00:00', 0, 1),
  (89, 60, 9, 50000, 39000, 1, 39000, '1', '1', '2026-06-01 10:00:00', '2026-06-01 10:00:00', 0, 1),
  (90, 61, 9, 50000, 320000, 1, 320000, '1', '1', '2026-06-01 10:00:00', '2026-06-01 10:00:00', 0, 1),
  (91, 62, 10, 50000, 450000, 1, 450000, '1', '1', '2026-06-01 10:00:00', '2026-06-01 10:00:00', 0, 1),
  (92, 63, 11, 50000, 90000, 1, 90000, '1', '1', '2026-06-01 10:00:00', '2026-06-01 10:00:00', 0, 1),
  (93, 63, 12, 50000, 90000, 1, 90000, '1', '1', '2026-06-01 10:00:00', '2026-06-01 10:00:00', 0, 1),
  (94, 64, 12, 50000, 95000, 1, 95000, '1', '1', '2026-06-01 10:00:00', '2026-06-01 10:00:00', 0, 1),
  (95, 65, 7, 50000, 580000, 1, 580000, '1', '1', '2026-06-01 10:00:00', '2026-06-01 10:00:00', 0, 1),
  (96, 66, 8, 50000, 210000, 1, 210000, '1', '1', '2026-06-01 10:00:00', '2026-06-01 10:00:00', 0, 1),
  (97, 66, 9, 50000, 210000, 1, 210000, '1', '1', '2026-06-01 10:00:00', '2026-06-01 10:00:00', 0, 1),
  (98, 67, 9, 50000, 55000, 1, 55000, '1', '1', '2026-06-01 10:00:00', '2026-06-01 10:00:00', 0, 1),
  (99, 68, 10, 50000, 88000, 1, 88000, '1', '1', '2026-06-01 10:00:00', '2026-06-01 10:00:00', 0, 1);

-- ============================================================
-- 6. 报价单 (为非流失商机创建报价, 共约 32 条)
-- status: 0=DRAFT, 1=CONFIRMED, 2=VOID
-- ============================================================
INSERT IGNORE INTO crm_business_quotation (id, business_id, quotation_no, status, total_product_price, discount_percent, total_price, confirmed_by, confirmed_time, remark, creator, updater, create_time, update_time, deleted, tenant_id) VALUES
  (5, 29, 'QT2026071800005', 0, 80000, 100, 80000, NULL, NULL, '草稿报价，待确认', '1', '1', '2026-06-01 10:00:00', '2026-06-01 10:00:00', 0, 1),
  (6, 30, 'QT2026071800006', 0, 150000, 100, 150000, NULL, NULL, '草稿报价，待确认', '1', '1', '2026-06-01 10:00:00', '2026-06-01 10:00:00', 0, 1),
  (7, 31, 'QT2026071800007', 0, 60000, 100, 60000, NULL, NULL, '草稿报价，待确认', '1', '1', '2026-06-01 10:00:00', '2026-06-01 10:00:00', 0, 1),
  (8, 32, 'QT2026071800008', 0, 250000, 100, 250000, NULL, NULL, '草稿报价，待确认', '1', '1', '2026-06-01 10:00:00', '2026-06-01 10:00:00', 0, 1),
  (9, 33, 'QT2026071800009', 0, 120000, 100, 120000, NULL, NULL, '草稿报价，待确认', '1', '1', '2026-06-01 10:00:00', '2026-06-01 10:00:00', 0, 1),
  (10, 34, 'QT2026071800010', 0, 200000, 100, 200000, NULL, NULL, '草稿报价，待确认', '1', '1', '2026-06-01 10:00:00', '2026-06-01 10:00:00', 0, 1),
  (11, 35, 'QT2026071800011', 0, 45000, 100, 45000, NULL, NULL, '草稿报价，待确认', '1', '1', '2026-06-01 10:00:00', '2026-06-01 10:00:00', 0, 1),
  (12, 36, 'QT2026071800012', 0, 180000, 100, 180000, NULL, NULL, '草稿报价，待确认', '1', '1', '2026-06-01 10:00:00', '2026-06-01 10:00:00', 0, 1),
  (13, 37, 'QT2026071800013', 1, 95000, 100, 95000, 1, '2026-06-15 10:00:00', '已确认报价', '1', '1', '2026-06-01 10:00:00', '2026-06-01 10:00:00', 0, 1),
  (14, 38, 'QT2026071800014', 1, 70000, 100, 70000, 1, '2026-06-15 10:00:00', '已确认报价', '1', '1', '2026-06-01 10:00:00', '2026-06-01 10:00:00', 0, 1),
  (15, 39, 'QT2026071800015', 1, 35000, 100, 35000, 1, '2026-06-15 10:00:00', '已确认报价', '1', '1', '2026-06-01 10:00:00', '2026-06-01 10:00:00', 0, 1),
  (16, 40, 'QT2026071800016', 1, 280000, 100, 280000, 1, '2026-06-15 10:00:00', '已确认报价', '1', '1', '2026-06-01 10:00:00', '2026-06-01 10:00:00', 0, 1),
  (17, 41, 'QT2026071800017', 1, 165000, 100, 165000, 1, '2026-06-15 10:00:00', '已确认报价', '1', '1', '2026-06-01 10:00:00', '2026-06-01 10:00:00', 0, 1),
  (18, 42, 'QT2026071800018', 1, 320000, 100, 320000, 1, '2026-06-15 10:00:00', '已确认报价', '1', '1', '2026-06-01 10:00:00', '2026-06-01 10:00:00', 0, 1),
  (19, 43, 'QT2026071800019', 1, 55000, 100, 55000, 1, '2026-06-15 10:00:00', '已确认报价', '1', '1', '2026-06-01 10:00:00', '2026-06-01 10:00:00', 0, 1),
  (20, 44, 'QT2026071800020', 1, 420000, 100, 420000, 1, '2026-06-15 10:00:00', '已确认报价', '1', '1', '2026-06-01 10:00:00', '2026-06-01 10:00:00', 0, 1),
  (21, 45, 'QT2026071800021', 1, 580000, 100, 580000, 1, '2026-06-15 10:00:00', '已确认报价', '1', '1', '2026-06-01 10:00:00', '2026-06-01 10:00:00', 0, 1),
  (22, 46, 'QT2026071800022', 1, 280000, 100, 280000, 1, '2026-06-15 10:00:00', '已确认报价', '1', '1', '2026-06-01 10:00:00', '2026-06-01 10:00:00', 0, 1),
  (23, 47, 'QT2026071800023', 1, 95000, 100, 95000, 1, '2026-06-15 10:00:00', '已确认报价', '1', '1', '2026-06-01 10:00:00', '2026-06-01 10:00:00', 0, 1),
  (24, 48, 'QT2026071800024', 1, 380000, 100, 380000, 1, '2026-06-15 10:00:00', '已确认报价', '1', '1', '2026-06-01 10:00:00', '2026-06-01 10:00:00', 0, 1),
  (25, 49, 'QT2026071800025', 1, 220000, 100, 220000, 1, '2026-06-15 10:00:00', '已确认报价', '1', '1', '2026-06-01 10:00:00', '2026-06-01 10:00:00', 0, 1),
  (26, 50, 'QT2026071800026', 1, 180000, 100, 180000, 1, '2026-06-15 10:00:00', '已确认报价', '1', '1', '2026-06-01 10:00:00', '2026-06-01 10:00:00', 0, 1),
  (27, 51, 'QT2026071800027', 1, 65000, 100, 65000, 1, '2026-06-15 10:00:00', '已确认报价', '1', '1', '2026-06-01 10:00:00', '2026-06-01 10:00:00', 0, 1),
  (28, 52, 'QT2026071800028', 1, 45000, 100, 45000, 1, '2026-06-15 10:00:00', '已确认报价', '1', '1', '2026-06-01 10:00:00', '2026-06-01 10:00:00', 0, 1),
  (29, 53, 'QT2026071800029', 1, 520000, 100, 520000, 1, '2026-06-15 10:00:00', '已确认报价', '1', '1', '2026-06-01 10:00:00', '2026-06-01 10:00:00', 0, 1),
  (30, 54, 'QT2026071800030', 1, 88000, 100, 88000, 1, '2026-06-15 10:00:00', '已确认报价', '1', '1', '2026-06-01 10:00:00', '2026-06-01 10:00:00', 0, 1),
  (31, 55, 'QT2026071800031', 1, 350000, 100, 350000, 1, '2026-06-15 10:00:00', '已确认报价', '1', '1', '2026-06-01 10:00:00', '2026-06-01 10:00:00', 0, 1),
  (32, 56, 'QT2026071800032', 1, 480000, 100, 480000, 1, '2026-06-15 10:00:00', '已确认报价', '1', '1', '2026-06-01 10:00:00', '2026-06-01 10:00:00', 0, 1),
  (33, 57, 'QT2026071800033', 1, 180000, 100, 180000, 1, '2026-06-15 10:00:00', '已确认报价', '1', '1', '2026-06-01 10:00:00', '2026-06-01 10:00:00', 0, 1),
  (34, 58, 'QT2026071800034', 1, 95000, 100, 95000, 1, '2026-06-15 10:00:00', '已确认报价', '1', '1', '2026-06-01 10:00:00', '2026-06-01 10:00:00', 0, 1),
  (35, 59, 'QT2026071800035', 1, 220000, 100, 220000, 1, '2026-06-15 10:00:00', '已确认报价', '1', '1', '2026-06-01 10:00:00', '2026-06-01 10:00:00', 0, 1),
  (36, 60, 'QT2026071800036', 1, 78000, 100, 78000, 1, '2026-06-15 10:00:00', '已确认报价', '1', '1', '2026-06-01 10:00:00', '2026-06-01 10:00:00', 0, 1);

-- ============================================================
-- 7. 报价项 (每报价单 2 项, 共约 64 条)
-- ============================================================
INSERT IGNORE INTO crm_business_quotation_item (id, quotation_id, product_id, product_name, product_no, standard_price, actual_price, count, discount_percent, total_price, creator, updater, create_time, update_time, deleted, tenant_id) VALUES
  (8, 5, 7, 'ERP核心授权', 'P007', 50000, 80000, 1, 100, 80000, '1', '1', '2026-06-01 10:00:00', '2026-06-01 10:00:00', 0, 1),
  (9, 6, 8, 'OA协同平台', 'P008', 30000, 75000, 1, 100, 75000, '1', '1', '2026-06-01 10:00:00', '2026-06-01 10:00:00', 0, 1),
  (10, 6, 9, 'MES制造执行', 'P009', 80000, 75000, 1, 100, 75000, '1', '1', '2026-06-01 10:00:00', '2026-06-01 10:00:00', 0, 1),
  (11, 7, 9, 'MES制造执行', 'P009', 80000, 60000, 1, 100, 60000, '1', '1', '2026-06-01 10:00:00', '2026-06-01 10:00:00', 0, 1),
  (12, 8, 10, 'CRM客户管理', 'P010', 40000, 250000, 1, 100, 250000, '1', '1', '2026-06-01 10:00:00', '2026-06-01 10:00:00', 0, 1),
  (13, 9, 11, 'WMS仓储管理', 'P011', 60000, 60000, 1, 100, 60000, '1', '1', '2026-06-01 10:00:00', '2026-06-01 10:00:00', 0, 1),
  (14, 9, 12, 'BI数据分析', 'P012', 70000, 60000, 1, 100, 60000, '1', '1', '2026-06-01 10:00:00', '2026-06-01 10:00:00', 0, 1),
  (15, 10, 12, 'BI数据分析', 'P012', 70000, 200000, 1, 100, 200000, '1', '1', '2026-06-01 10:00:00', '2026-06-01 10:00:00', 0, 1),
  (16, 11, 7, 'ERP核心授权', 'P007', 50000, 45000, 1, 100, 45000, '1', '1', '2026-06-01 10:00:00', '2026-06-01 10:00:00', 0, 1),
  (17, 12, 8, 'OA协同平台', 'P008', 30000, 90000, 1, 100, 90000, '1', '1', '2026-06-01 10:00:00', '2026-06-01 10:00:00', 0, 1),
  (18, 12, 9, 'MES制造执行', 'P009', 80000, 90000, 1, 100, 90000, '1', '1', '2026-06-01 10:00:00', '2026-06-01 10:00:00', 0, 1),
  (19, 13, 9, 'MES制造执行', 'P009', 80000, 95000, 1, 100, 95000, '1', '1', '2026-06-01 10:00:00', '2026-06-01 10:00:00', 0, 1),
  (20, 14, 10, 'CRM客户管理', 'P010', 40000, 70000, 1, 100, 70000, '1', '1', '2026-06-01 10:00:00', '2026-06-01 10:00:00', 0, 1),
  (21, 15, 11, 'WMS仓储管理', 'P011', 60000, 17500, 1, 100, 17500, '1', '1', '2026-06-01 10:00:00', '2026-06-01 10:00:00', 0, 1),
  (22, 15, 12, 'BI数据分析', 'P012', 70000, 17500, 1, 100, 17500, '1', '1', '2026-06-01 10:00:00', '2026-06-01 10:00:00', 0, 1),
  (23, 16, 12, 'BI数据分析', 'P012', 70000, 280000, 1, 100, 280000, '1', '1', '2026-06-01 10:00:00', '2026-06-01 10:00:00', 0, 1),
  (24, 17, 7, 'ERP核心授权', 'P007', 50000, 165000, 1, 100, 165000, '1', '1', '2026-06-01 10:00:00', '2026-06-01 10:00:00', 0, 1),
  (25, 18, 8, 'OA协同平台', 'P008', 30000, 160000, 1, 100, 160000, '1', '1', '2026-06-01 10:00:00', '2026-06-01 10:00:00', 0, 1),
  (26, 18, 9, 'MES制造执行', 'P009', 80000, 160000, 1, 100, 160000, '1', '1', '2026-06-01 10:00:00', '2026-06-01 10:00:00', 0, 1),
  (27, 19, 9, 'MES制造执行', 'P009', 80000, 55000, 1, 100, 55000, '1', '1', '2026-06-01 10:00:00', '2026-06-01 10:00:00', 0, 1),
  (28, 20, 10, 'CRM客户管理', 'P010', 40000, 420000, 1, 100, 420000, '1', '1', '2026-06-01 10:00:00', '2026-06-01 10:00:00', 0, 1),
  (29, 21, 11, 'WMS仓储管理', 'P011', 60000, 290000, 1, 100, 290000, '1', '1', '2026-06-01 10:00:00', '2026-06-01 10:00:00', 0, 1),
  (30, 21, 12, 'BI数据分析', 'P012', 70000, 290000, 1, 100, 290000, '1', '1', '2026-06-01 10:00:00', '2026-06-01 10:00:00', 0, 1),
  (31, 22, 12, 'BI数据分析', 'P012', 70000, 280000, 1, 100, 280000, '1', '1', '2026-06-01 10:00:00', '2026-06-01 10:00:00', 0, 1),
  (32, 23, 7, 'ERP核心授权', 'P007', 50000, 95000, 1, 100, 95000, '1', '1', '2026-06-01 10:00:00', '2026-06-01 10:00:00', 0, 1),
  (33, 24, 8, 'OA协同平台', 'P008', 30000, 190000, 1, 100, 190000, '1', '1', '2026-06-01 10:00:00', '2026-06-01 10:00:00', 0, 1),
  (34, 24, 9, 'MES制造执行', 'P009', 80000, 190000, 1, 100, 190000, '1', '1', '2026-06-01 10:00:00', '2026-06-01 10:00:00', 0, 1),
  (35, 25, 9, 'MES制造执行', 'P009', 80000, 220000, 1, 100, 220000, '1', '1', '2026-06-01 10:00:00', '2026-06-01 10:00:00', 0, 1),
  (36, 26, 10, 'CRM客户管理', 'P010', 40000, 180000, 1, 100, 180000, '1', '1', '2026-06-01 10:00:00', '2026-06-01 10:00:00', 0, 1),
  (37, 27, 11, 'WMS仓储管理', 'P011', 60000, 32500, 1, 100, 32500, '1', '1', '2026-06-01 10:00:00', '2026-06-01 10:00:00', 0, 1),
  (38, 27, 12, 'BI数据分析', 'P012', 70000, 32500, 1, 100, 32500, '1', '1', '2026-06-01 10:00:00', '2026-06-01 10:00:00', 0, 1),
  (39, 28, 12, 'BI数据分析', 'P012', 70000, 45000, 1, 100, 45000, '1', '1', '2026-06-01 10:00:00', '2026-06-01 10:00:00', 0, 1),
  (40, 29, 7, 'ERP核心授权', 'P007', 50000, 520000, 1, 100, 520000, '1', '1', '2026-06-01 10:00:00', '2026-06-01 10:00:00', 0, 1),
  (41, 30, 8, 'OA协同平台', 'P008', 30000, 44000, 1, 100, 44000, '1', '1', '2026-06-01 10:00:00', '2026-06-01 10:00:00', 0, 1),
  (42, 30, 9, 'MES制造执行', 'P009', 80000, 44000, 1, 100, 44000, '1', '1', '2026-06-01 10:00:00', '2026-06-01 10:00:00', 0, 1),
  (43, 31, 9, 'MES制造执行', 'P009', 80000, 350000, 1, 100, 350000, '1', '1', '2026-06-01 10:00:00', '2026-06-01 10:00:00', 0, 1),
  (44, 32, 10, 'CRM客户管理', 'P010', 40000, 480000, 1, 100, 480000, '1', '1', '2026-06-01 10:00:00', '2026-06-01 10:00:00', 0, 1),
  (45, 33, 11, 'WMS仓储管理', 'P011', 60000, 90000, 1, 100, 90000, '1', '1', '2026-06-01 10:00:00', '2026-06-01 10:00:00', 0, 1),
  (46, 33, 12, 'BI数据分析', 'P012', 70000, 90000, 1, 100, 90000, '1', '1', '2026-06-01 10:00:00', '2026-06-01 10:00:00', 0, 1),
  (47, 34, 12, 'BI数据分析', 'P012', 70000, 95000, 1, 100, 95000, '1', '1', '2026-06-01 10:00:00', '2026-06-01 10:00:00', 0, 1),
  (48, 35, 7, 'ERP核心授权', 'P007', 50000, 220000, 1, 100, 220000, '1', '1', '2026-06-01 10:00:00', '2026-06-01 10:00:00', 0, 1),
  (49, 36, 8, 'OA协同平台', 'P008', 30000, 39000, 1, 100, 39000, '1', '1', '2026-06-01 10:00:00', '2026-06-01 10:00:00', 0, 1),
  (50, 36, 9, 'MES制造执行', 'P009', 80000, 39000, 1, 100, 39000, '1', '1', '2026-06-01 10:00:00', '2026-06-01 10:00:00', 0, 1);

SET FOREIGN_KEY_CHECKS = 1;

-- ============================================================
-- 验证查询
-- ============================================================
-- SELECT 'products' AS tbl, COUNT(*) FROM crm_product WHERE id BETWEEN 7 AND 12;
-- SELECT 'contacts' AS tbl, COUNT(*) FROM crm_contact WHERE id BETWEEN 18 AND 35;
-- SELECT 'contact_business' AS tbl, COUNT(*) FROM crm_contact_business WHERE id >= 39;
-- SELECT 'follow_up' AS tbl, COUNT(*) FROM crm_follow_up_record WHERE id >= 38;
-- SELECT 'business_product' AS tbl, COUNT(*) FROM crm_business_product WHERE id >= 62;
-- SELECT 'quotation' AS tbl, COUNT(*) FROM crm_business_quotation WHERE id >= 5;
-- SELECT 'quotation_item' AS tbl, COUNT(*) FROM crm_business_quotation_item WHERE id >= 8;
